Create Database if not exists finalExam;
use finalExam;

CREATE TABLE Student (
    StudentID INT AUTO_INCREMENT PRIMARY KEY,
    Name VARCHAR(255) NOT NULL,
    Email VARCHAR(255) NOT NULL,
    Phone VARCHAR(15),
    Address TEXT
);

CREATE TABLE Book (
    ISBN VARCHAR(13) PRIMARY KEY,
    Title VARCHAR(255) NOT NULL,
    Author VARCHAR(255) NOT NULL,
    Genre VARCHAR(50),
    TotalCopies INT NOT NULL,
    AvailableCopies INT NOT NULL
);

CREATE TABLE Borrowing (
    BorrowID INT AUTO_INCREMENT PRIMARY KEY,
    StudentID INT,
    ISBN VARCHAR(13),
    BorrowDate DATE NOT NULL,
    DueDate DATE NOT NULL,
    ReturnDate DATE,
    FOREIGN KEY (StudentID) REFERENCES Student(StudentID),
    FOREIGN KEY (ISBN) REFERENCES Book(ISBN)
);


INSERT INTO Student (Name, Email, Phone, Address) VALUES 
('Abir Rahman', 'abir@gmail.com', '01711112222', 'Dhaka, Bangladesh'),
('Nusrat Jahan', 'nusrat@gmail.com', '01811113333', 'Chittagong, Bangladesh'),
('Rakib Hossain', 'rakib@gmail.com', '01722224444', 'Sylhet, Bangladesh'),
('Sadia Afrin', 'sadia@gmail.com', '01911115555', 'Rajshahi, Bangladesh'),
('Tanvir Islam', 'tanvir@gmail.com', '01612345678', 'Khulna, Bangladesh'),
('Sumaiya Sultana', 'sumaiya@gmail.com', '01788889999', 'Barisal, Bangladesh'),
('Farhan Ahmed', 'farhan@gmail.com', '01912349876', 'Comilla, Bangladesh'),
('Mahi Chowdhury', 'mahi@gmail.com', '01765431234', 'Dhaka, Bangladesh'),
('Tahmid Haque', 'tahmid@gmail.com', '01898765432', 'Sylhet, Bangladesh'),
('Nazia Rahman', 'nazia@gmail.com', '01634567890', 'Chittagong, Bangladesh'),
('Ashiqur Rahman', 'ashiqur@gmail.com', '01987654321', 'Rangpur, Bangladesh'),
('Arif Islam', 'arif@gmail.com', '01712344321', 'Feni, Bangladesh'),
('Shaila Akter', 'shaila@gmail.com', '01698762345', 'Dhaka, Bangladesh'),
('Zarif Hasan', 'zarif@gmail.com', '01934567890', 'Sylhet, Bangladesh'),
('Rafi Ahmed', 'rafi@gmail.com', '01812345678', 'Jessore, Bangladesh'),
('Ahsan Habib', 'ahsan@gmail.com', '01912341234', 'Dinajpur, Bangladesh'),
('Mim Hasan', 'mim@gmail.com', '01776543210', 'Bogura, Bangladesh'),
('Sajid Islam', 'sajid@gmail.com', '01987654322', 'Noakhali, Bangladesh'),
('Taniya Akter', 'taniya@gmail.com', '01745678912', 'Mymensingh, Bangladesh'),
('Badhon Ahmed', 'badhon@gmail.com', '01823456789', 'Cox\'s Bazar, Bangladesh'),
('Sifat Rahman', 'sifat@gmail.com', '01656789012', 'Khagrachari, Bangladesh'),
('Naimur Rahman', 'naimur@gmail.com', '01987654333', 'Narail, Bangladesh'),
('Sohana Jahan', 'sohana@gmail.com', '01745673210', 'Pabna, Bangladesh'),
('Alif Hasan', 'alif@gmail.com', '01876543221', 'Satkhira, Bangladesh'),
('Shafique Rahman', 'shafique@gmail.com', '01756789013', 'Faridpur, Bangladesh'),
('Monira Sultana', 'monira@gmail.com', '01998765431', 'Narsingdi, Bangladesh'),
('Nazmul Islam', 'nazmul@gmail.com', '01865478901', 'Tangail, Bangladesh'),
('Pial Hossain', 'pial@gmail.com', '01798765432', 'Gaibandha, Bangladesh'),
('Nazia Islam', 'nazia.islam@gmail.com', '01634567891', 'Munshiganj, Bangladesh'),
('Tareq Aziz', 'tareq@gmail.com', '01754321890', 'Jhenaidah, Bangladesh'),
('Rifat Hossain', 'rifat@gmail.com', '01834567821', 'Gopalganj, Bangladesh'),
('Faysal Islam', 'faysal@gmail.com', '01678954321', 'Madaripur, Bangladesh'),
('Mounika Khatun', 'mounika@gmail.com', '01732123456', 'Sirajganj, Bangladesh'),
('Mahfuz Alam', 'mahfuz@gmail.com', '01965431232', 'Panchagarh, Bangladesh'),
('Asif Rahman', 'asif@gmail.com', '01654378901', 'Chuadanga, Bangladesh'),
('Morshedul Alam', 'morshedul@gmail.com', '01712349876', 'Manikganj, Bangladesh'),
('Sajjad Hossain', 'sajjad@gmail.com', '01765431212', 'Gazipur, Bangladesh'),
('Fahim Hasan', 'fahim@gmail.com', '01898765456', 'Brahmanbaria, Bangladesh'),
('Nayem Ahmed', 'nayem@gmail.com', '01678912345', 'Habiganj, Bangladesh'),
('Sadman Sakib', 'sadman@gmail.com', '01756432123', 'Kishoreganj, Bangladesh'),
('Asma Islam', 'asma@gmail.com', '01887654321', 'Jamalpur, Bangladesh'),
('Nahid Hasan', 'nahid@gmail.com', '01734321234', 'Bhola, Bangladesh'),
('Shahina Akter', 'shahina@gmail.com', '01954321678', 'Shariatpur, Bangladesh'),
('Tanzim Rahman', 'tanzim@gmail.com', '01732145678', 'Jhalokathi, Bangladesh'),
('Aminur Rahman', 'aminur@gmail.com', '01876543234', 'Lalmonirhat, Bangladesh'),
('Tasnim Akter', 'tasnim@gmail.com', '01723456789', 'Sherpur, Bangladesh'),
('Sujon Sarker', 'sujon@gmail.com', '01912341232', 'Netrokona, Bangladesh'),
('Zahid Hasan', 'zahid@gmail.com', '01897654312', 'Chandpur, Bangladesh'),
('Kamrul Islam', 'kamrul@gmail.com', '01723456788', 'Meherpur, Bangladesh');


INSERT INTO Book (ISBN, Title, Author, Genre, TotalCopies, AvailableCopies) VALUES 
('9780345453747', 'A Thousand Splendid Suns', 'Khaled Hosseini', 'Fiction', 10, 8),
('9780385472579', 'The Kite Runner', 'Khaled Hosseini', 'Fiction', 15, 12),
('9780140177398', 'Of Mice and Men', 'John Steinbeck', 'Classics', 5, 4),
('9780261103573', 'The Hobbit', 'J.R.R. Tolkien', 'Fantasy', 20, 19),
('9780439139595', 'Harry Potter and the Goblet of Fire', 'J.K. Rowling', 'Fantasy', 25, 18),
('9780316769488', 'The Catcher in the Rye', 'J.D. Salinger', 'Classics', 8, 6),
('9780747532743', 'Harry Potter and the Philosopher\'s Stone', 'J.K. Rowling', 'Fantasy', 30, 27),
('9780439358071', 'Harry Potter and the Order of the Phoenix', 'J.K. Rowling', 'Fantasy', 12, 10),
('9780061120084', 'To Kill a Mockingbird', 'Harper Lee', 'Classics', 18, 15),
('9780060256654', 'Where the Wild Things Are', 'Maurice Sendak', 'Children', 6, 5),
('9781447264534', 'Murder on the Orient Express', 'Agatha Christie', 'Mystery', 7, 6),
('9780451524935', '1984', 'George Orwell', 'Dystopian', 22, 20),
('9780007136834', 'The Lord of the Rings', 'J.R.R. Tolkien', 'Fantasy', 12, 10),
('9780060935467', 'Brave New World', 'Aldous Huxley', 'Dystopian', 14, 11),
('9780140449266', 'The Odyssey', 'Homer', 'Epic', 6, 5),
('9780142437230', 'Moby Dick', 'Herman Melville', 'Classics', 10, 9),
('9780452284234', 'Animal Farm', 'George Orwell', 'Political', 12, 10),
('9780141182803', 'Frankenstein', 'Mary Shelley', 'Horror', 8, 7),
('9780743273565', 'The Great Gatsby', 'F. Scott Fitzgerald', 'Classics', 10, 9),
('9780143105428', 'Crime and Punishment', 'Fyodor Dostoevsky', 'Classics', 5, 4),
('9780439136358', 'Harry Potter and the Prisoner of Azkaban', 'J.K. Rowling', 'Fantasy', 20, 18),
('9780316769174', 'Nine Stories', 'J.D. Salinger', 'Fiction', 7, 6),
('9780525567066', 'The Testaments', 'Margaret Atwood', 'Dystopian', 16, 13),
('9780060850524', 'The Alchemist', 'Paulo Coelho', 'Fiction', 25, 21),
('9780316067928', 'The Book Thief', 'Markus Zusak', 'Historical Fiction', 18, 15),
('9781451626650', 'Fahrenheit 451', 'Ray Bradbury', 'Dystopian', 12, 9),
('9780140178975', 'East of Eden', 'John Steinbeck', 'Classics', 14, 12),
('9780156012195', 'Life of Pi', 'Yann Martel', 'Adventure', 20, 17),
('9780553382563', 'The Road', 'Cormac McCarthy', 'Post-Apocalyptic', 10, 8),
('9780143127741', 'The Goldfinch', 'Donna Tartt', 'Fiction', 15, 13),
('9780141439518', 'Pride and Prejudice', 'Jane Austen', 'Classics', 18, 16),
('9780679783268', 'Beloved', 'Toni Morrison', 'Historical Fiction', 12, 10),
('9780380730407', 'One Hundred Years of Solitude', 'Gabriel García Márquez', 'Magical Realism', 14, 12),
('9780735224308', 'Little Fires Everywhere', 'Celeste Ng', 'Fiction', 25, 20),
('9780525555377', 'Where the Crawdads Sing', 'Delia Owens', 'Mystery', 30, 25),
('9781101904223', 'The Underground Railroad', 'Colson Whitehead', 'Historical Fiction', 18, 15),
('9781400033416', 'Middlesex', 'Jeffrey Eugenides', 'Fiction', 8, 7),
('9780446310789', 'To Kill a Mockingbird', 'Harper Lee', 'Fiction', 20, 17),
('9780062665578', 'The Hate U Give', 'Angie Thomas', 'Young Adult', 22, 18),
('9780316769801', 'Catcher in the Rye', 'J.D. Salinger', 'Fiction', 10, 9),
('9780140447934', 'Don Quixote', 'Miguel de Cervantes', 'Classics', 8, 6),
('9780062368683', 'Big Little Lies', 'Liane Moriarty', 'Fiction', 20, 18),
('9780316037984', 'Eleanor Oliphant Is Completely Fine', 'Gail Honeyman', 'Fiction', 12, 10),
('9780062316097', 'The Night Circus', 'Erin Morgenstern', 'Fantasy', 14, 12),
('9780385543767', 'The Silent Patient', 'Alex Michaelides', 'Thriller', 25, 22),
('9781444720727', '11/22/63', 'Stephen King', 'Science Fiction', 18, 16),
('9780062673458', 'Daisy Jones & The Six', 'Taylor Jenkins Reid', 'Historical Fiction', 20, 18),
('9780140186475', 'The Picture of Dorian Gray', 'Oscar Wilde', 'Classics', 15, 13),
('9781101971539', 'The Handmaid\'s Tale', 'Margaret Atwood', 'Dystopian', 18, 16),
('9780385545969', 'The Outsider', 'Stephen King', 'Thriller', 25, 20);


INSERT INTO Borrowing (StudentID, ISBN, BorrowDate, DueDate, ReturnDate) VALUES 
(1, '9780345453747', '2024-01-05', '2024-01-19', NULL),
(2, '9780385472579', '2024-01-06', '2024-01-20', '2024-01-19'),
(3, '9780140177398', '2024-01-07', '2024-01-21', NULL),
(4, '9780261103573', '2024-01-08', '2024-01-22', '2024-01-20'),
(5, '9780439139595', '2024-01-09', '2024-01-23', NULL),
(6, '9780316769488', '2024-01-10', '2024-01-24', '2024-01-22'),
(7, '9780747532743', '2024-01-11', '2024-01-25', NULL),
(8, '9780439358071', '2024-01-12', '2024-01-26', NULL),
(9, '9780061120084', '2024-01-13', '2024-01-27', NULL),
(10, '9780060256654', '2024-01-14', '2024-01-28', '2024-01-25'),
(11, '9781447264534', '2024-01-15', '2024-01-29', NULL),
(12, '9780451524935', '2024-01-16', '2024-01-30', '2024-01-29'),
(13, '9780007136834', '2024-01-17', '2024-01-31', NULL),
(14, '9780060935467', '2024-01-18', '2024-02-01', NULL),
(15, '9780140449266', '2024-01-19', '2024-02-02', '2024-02-01'),
(16, '9780142437230', '2024-01-20', '2024-02-03', NULL),
(17, '9780452284234', '2024-01-21', '2024-02-04', '2024-02-02'),
(18, '9780141182803', '2024-01-22', '2024-02-05', NULL),
(19, '9780743273565', '2024-01-23', '2024-02-06', '2024-02-05'),
(20, '9780143105428', '2024-01-24', '2024-02-07', NULL),
(21, '9780439136358', '2024-01-25', '2024-02-08', '2024-02-07'),
(22, '9780316769174', '2024-01-26', '2024-02-09', NULL),
(23, '9780525567066', '2024-01-27', '2024-02-10', NULL),
(24, '9780060850524', '2024-01-28', '2024-02-11', '2024-02-10'),
(25, '9780316067928', '2024-01-29', '2024-02-12', NULL),
(26, '9781451626650', '2024-01-30', '2024-02-13', NULL),
(27, '9780140178975', '2024-01-31', '2024-02-14', '2024-02-12'),
(28, '9780156012195', '2024-02-01', '2024-02-15', NULL),
(29, '9780553382563', '2024-02-02', '2024-02-16', '2024-02-15'),
(30, '9780143127741', '2024-02-03', '2024-02-17', NULL),
(31, '9780141439518', '2024-02-04', '2024-02-18', NULL),
(32, '9780679783268', '2024-02-05', '2024-02-19', '2024-02-18'),
(33, '9780380730407', '2024-02-06', '2024-02-20', NULL),
(34, '9780735224308', '2024-02-07', '2024-02-21', '2024-02-20'),
(35, '9780525555377', '2024-02-08', '2024-02-22', NULL),
(36, '9781101904223', '2024-02-09', '2024-02-23', NULL),
(37, '9781400033416', '2024-02-10', '2024-02-24', '2024-02-22'),
(38, '9780446310789', '2024-02-11', '2024-02-25', NULL),
(39, '9780062665578', '2024-02-12', '2024-02-26', '2024-02-25'),
(40, '9780316769488', '2024-02-13', '2024-02-27', NULL),
(41, '9780140447934', '2024-02-14', '2024-02-28', '2024-02-27'),
(42, '9780062368683', '2024-02-15', '2024-02-29', NULL),
(43, '9780316037984', '2024-02-16', '2024-03-01', '2024-02-29'),
(44, '9780062316097', '2024-02-17', '2024-03-02', NULL),
(45, '9780385543767', '2024-02-18', '2024-03-03', '2024-03-01'),
(46, '9781444720727', '2024-02-19', '2024-03-04', NULL),
(47, '9780062673458', '2024-02-20', '2024-03-05', NULL),
(48, '9780140186475', '2024-02-21', '2024-03-06', '2024-03-05'),
(49, '9781101971539', '2024-02-22', '2024-03-07', NULL),
(10, '9780385545969', '2024-02-23', '2024-03-08', '2024-03-07');


